-- phpMyAdmin SQL Dump
-- version 4.5.4.1deb2ubuntu2
-- http://www.phpmyadmin.net
--
-- Host: localhost
-- Generation Time: Jan 17, 2017 at 11:18 AM
-- Server version: 5.7.16-0ubuntu0.16.04.1
-- PHP Version: 7.0.12-1+deb.sury.org~xenial+1

SET SQL_MODE = "NO_AUTO_VALUE_ON_ZERO";
SET time_zone = "+00:00";


/*!40101 SET @OLD_CHARACTER_SET_CLIENT=@@CHARACTER_SET_CLIENT */;
/*!40101 SET @OLD_CHARACTER_SET_RESULTS=@@CHARACTER_SET_RESULTS */;
/*!40101 SET @OLD_COLLATION_CONNECTION=@@COLLATION_CONNECTION */;
/*!40101 SET NAMES utf8mb4 */;

--
-- Database: `books_shop`
--

DELIMITER $$
--
-- Procedures
--
CREATE DEFINER=`root`@`localhost` PROCEDURE `add_category` (IN `id_parent_category` INTEGER(9), IN `name_of_category` VARCHAR(45))  begin
DECLARE lvl int;
DECLARE r_key int;
start transaction;
select parent.row, parent.right_key INTO lvl, r_key FROM categories as parent where parent.category_id = id_parent_category;
        UPDATE categories SET left_key = left_key + 2, right_key = right_key + 2 WHERE left_key > r_key;
        UPDATE categories SET right_key = right_key + 2 WHERE right_key >= r_key AND left_key < r_key;
        INSERT INTO categories SET name_category = name_of_category, row = lvl + 1, left_key = r_key, right_key = r_key + 1;
commit;
end$$

CREATE DEFINER=`root`@`localhost` PROCEDURE `change_order` (IN `id_moved_node` INT, IN `set_after` INT)  proc:BEGIN
-- –ü–µ—Ä–µ–º–µ–Ω–Ω—ã–µ –¥–ª—è –≤—ã–±–æ—Ä–∞ —Ä–æ–¥–∏—Ç–µ–ª—è -- 
DECLARE parent_id, parent_l_key, parent_r_key INT;
-- –ü–µ—Ä–µ–º–µ–Ω–Ω—ã–µ –≤—ã–±–æ—Ä–∞ —Å–æ—Å–µ–¥–∞ --
DECLARE after_key, after_l_key INT;
-- –ü–µ—Ä–µ–º–µ–Ω–Ω—ã–µ –¥–ª—è –≤—ã–±–æ—Ä–∞ –ø–µ—Ä–µ–º–µ—â–∞–µ–º–æ–≥–æ —É–∑–ª–∞
DECLARE moved_row, moved_l_key, moved_r_key INT;
-- –í—Å–ø–æ–º–æ–≥–∞—Ç–µ–ª—å–Ω—ã–µ –ø–µ—Ä–µ–º–µ–Ω–Ω—ã–µ –¥–ª—è —Ä–∞—Å—á—ë—Ç–∞ —Å–º–µ—â–µ–Ω–∏—è --
DECLARE skew_tree, skew_edit INT;
-- –£–∑–µ–ª –Ω–µ –º–æ–∂–µ—Ç –ø–µ—Ä–µ–º–µ—â–∞—Ç—å—Å—è —Å–∞–º –∑–∞ —Å–µ–±—è --
IF id_moved_node = set_after THEN
	LEAVE proc;
END IF;
START TRANSACTION;
    -- –í—ã–±–æ—Ä —É–∑–ª–∞ –∫ –∫–æ—Ç–æ—Ä–æ–º—É –∏–¥—ë—Ç –ø–µ—Ä–µ–º–µ—â–µ–Ω–∏–µ --
	SELECT category_after.right_key, category_after.left_key
		INTO after_key, after_l_key 
		FROM categories AS category_after 
		WHERE category_after.category_id = set_after;
	-- –í—ã–±–æ—Ä –ø–µ—Ä–µ–º–µ—â–∞–µ–º–æ–≥–æ —É–∑–ª–∞ --
    SELECT moved.row, moved.right_key, moved.left_key 
		INTO moved_row, moved_r_key, moved_l_key
		FROM categories AS moved
        WHERE moved.category_id = id_moved_node;
	-- –í—ã–±–æ—Ä —Ä–æ–¥–∏—Ç–µ–ª—å—Å–∫–æ–≥–æ —É–∑–ª–∞ —É –ø–µ—Ä–µ–º–µ—â–∞–µ–º–æ–≥–æ —É–∑–ª–∞ --
	SELECT c.category_id, c.left_key, c.right_key
		INTO parent_id, parent_l_key, parent_r_key
		FROM categories AS c
        WHERE c.right_key > moved_r_key
        AND c.left_key < moved_l_key
        AND (moved_row - c.row) = 1;
	-- –£–∑–µ–ª –∫ –∫–æ—Ç–æ—Ä–æ–º—É –ø–µ—Ä–µ–º–µ—â–∞–µ–º –º–æ–∂–µ—Ç –±—ã—Ç—å –ª–∏–±–æ —Ä–æ–¥–∏—Ç–µ–ª–µ–º, –ª–∏–±–æ —Å–æ—Å–µ–¥–Ω–∏–º --
	IF(set_after = parent_id) THEN
		SET after_key = after_l_key;
	ELSEIF(after_l_key < parent_l_key OR after_key > parent_r_key) THEN
		LEAVE proc;
    END IF;
	-- –û–ø—Ä–µ–¥–µ–ª–µ–Ω–∏–µ —Å–º–µ—â–µ–Ω–∏—è –¥–µ—Ä–µ–≤–∞ -- 
    SET skew_tree = moved_r_key - moved_l_key + 1;
	-- –û–ø—Ä–µ–¥–µ–ª—è–µ–º –∫—É–¥–∞ —Å–¥–∏–≥–∞–µ—Ç—Å—è —É–∑–µ–ª --
	IF moved_r_key > after_key THEN
		-- –û–ø—Ä–µ–¥–µ–ª–µ–Ω–∏–µ —Å–º–µ—â–µ–Ω–∏—è –ø–µ—Ä–µ–º–µ—â–∞–µ–º–æ–π –≤–µ—Ç–∫–∏ --
		SET skew_edit = after_key - moved_l_key + 1;
		-- –ò–∑–º–µ–Ω–µ–Ω–∏–µ –¥–µ—Ä–µ–≤–∞ --
		UPDATE categories AS c 
			SET c.right_key = 
				IF(c.left_key >= moved_l_key, 
					c.right_key + skew_edit,
					IF(c.right_key < moved_l_key,
						c.right_key + skew_tree,
						c.right_key)),
				c.left_key = 
					IF(c.left_key >= moved_l_key,
						c.left_key + skew_edit,
						IF(c.left_key > after_key,
							c.left_key + skew_tree,
							c.left_key))
			WHERE c.right_key > after_key
			AND c.left_key < moved_r_key;
	ELSEIF moved_r_key < after_key THEN
		-- –û–ø—Ä–µ–¥–µ–ª–µ–Ω–∏–µ —Å–º–µ—à–µ–Ω–∏—è –ø–µ—Ä–µ–º–µ—â–∞–µ–º–æ–π –≤–µ—Ç–∫–∏ --
		SET skew_edit = after_key - moved_l_key + 1 - skew_tree;
        -- –ò–∑–º–µ–Ω–µ–Ω–∏–µ –∫–ª—é—á–µ–π –¥–µ—Ä–µ–≤–∞ –
$$

CREATE DEFINER=`root`@`localhost` PROCEDURE `change_parent` (IN `id_moved_node` INT, IN `id_parent_node` INT)  proc:BEGIN
-- –ü–µ—Ä–µ–º–µ–Ω–Ω—ã–µ –¥–ª—è –≤—ã–±–æ—Ä–∞ –Ω–æ–≤–æ–≥–æ —Ä–æ–¥–∏—Ç–µ–ª—è -- 
DECLARE parent_row, parent_r_key, parent_l_key INT;
-- –ü–µ—Ä–µ–º–µ–Ω–Ω—ã–µ –¥–ª—è –≤—ã–±–æ—Ä–∞ –ø–µ—Ä–µ–º–µ—â–∞–µ–º–æ–≥–æ —É–∑–ª–∞
DECLARE child_row, child_r_key, child_l_key INT;
-- –í—Å–ø–æ–º–æ–≥–∞—Ç–µ–ª—å–Ω—ã–µ –ø–µ—Ä–µ–º–µ–Ω–Ω—ã–µ –¥–ª—è —Ä–∞—Å—á—ë—Ç–∞ —Å–º–µ—â–µ–Ω–∏—è --
DECLARE skew_tree, skew_row, skew_edit INT;
-- –£–∑–µ–ª –Ω–µ –º–æ–∂–µ—Ç –ø–µ—Ä–µ–º–µ—â–∞—Ç—å—Å—è —Å–∞–º –≤ —Å–µ–±—è --
IF id_moved_node = id_parent_node THEN
	LEAVE proc;
END IF;
START TRANSACTION;
    -- –í—ã–±–æ—Ä —Ä–æ–¥–∏—Ç–µ–ª—å—Å–∫–æ–≥–æ —É–∑–ª–∞ --
	SELECT parent.row, (parent.right_key - 1), parent.left_key
		INTO parent_row, parent_r_key, parent_l_key 
		FROM categories AS parent 
		WHERE parent.category_id = id_parent_node;
	-- –í—ã–±–æ—Ä –Ω–æ–≤–æ–≥–æ –¥–æ—á–µ—Ä–Ω–µ–≥–æ —É–∑–ª–∞, –æ–Ω –∂–µ –ø–µ—Ä–µ–º–µ—â–∞–µ–º—ã–π --
    SELECT child.row, child.right_key, child.left_key 
		INTO child_row, child_r_key, child_l_key
		FROM categories AS child
        WHERE child.category_id = id_moved_node;
	-- –û–ø—Ä–µ–¥–µ–ª–µ–Ω–∏–µ —Å–º–µ—â–µ–Ω–∏—è –¥–µ—Ä–µ–≤–∞ -- 
    SET skew_tree = child_r_key - child_l_key + 1;
    -- –û–ø—Ä–µ–¥–µ–ª–µ–Ω–∏–µ —Å–º–µ—â–µ–Ω–∏—è —É—Ä–æ–≤–Ω—è —É –ø–µ—Ä–µ–º–µ—â–∞–µ–º–æ–≥–æ —É–∑–ª–∞ --
    SET skew_row = parent_row - child_row + 1;
	-- –û–ø—Ä–µ–¥–µ–ª—è–µ–º –∫—É–¥–∞ —Å–¥–∏–≥–∞–µ—Ç—Å—è —É–∑–µ–ª --
	IF child_r_key > parent_r_key THEN
		-- –û–ø—Ä–µ–¥–µ–ª–µ–Ω–∏–µ —Å–º–µ—â–µ–Ω–∏—è –ø–µ—Ä–µ–º–µ—â–∞–µ–º–æ–π –≤–µ—Ç–∫–∏ --
		SET skew_edit = parent_r_key - child_l_key + 1;
		-- –ò–∑–º–µ–Ω–µ–Ω–∏–µ –¥–µ—Ä–µ–≤–∞ --
		UPDATE categories AS c 
			SET c.right_key = 
				IF(c.left_key >= child_l_key, 
					c.right_key + skew_edit,
					IF(c.right_key < child_l_key,
						c.right_key + skew_tree,
						c.right_key)),
				c.row = 
					IF(c.left_key >= child_l_key, 
						c.row + skew_row, 
						c.row),
				c.left_key = 
					IF(c.left_key >= child_l_key,
						c.left_key + skew_edit,
						IF(c.left_key > parent_r_key,
							c.left_key + skew_tree,
							c.left_key))
			WHERE c.right_key > parent_r_key
			AND c.left_key < child_r_key;
	ELSEIF child_r_key < parent_r_key THEN
		-- –û–ø—Ä–µ–¥–µ–ª–µ–Ω–∏–µ —Å–º–µ—à–µ–Ω–∏—è –ø–µ—Ä–µ–º–µ—â–∞–µ–º–æ–π –≤–µ—Ç–∫–∏ --
		SET skew_edit = parent_r_key - child_l_key + 1 - skew_tree;
        -- –ò–∑–º–µ–Ω–µ–Ω–∏–µ –∫–ª—é—á–µ–π –¥–µ—Ä–µ–≤–∞ –¥–µ—Ä–µ–≤–∞ -- 
        SET @r = skew_edit;
		UPDATE categories AS c 
			SET c.left_key = 
					IF(c.right_key <= child_r_key,
						c.left_key + skew_edit,
						IF(c.left_key > child_r_key,
							c.left_key - skew_tree,
							c.left_key)),
				c.row = 
					IF(c.right_key <= child_r_key, 
$$

CREATE DEFINER=`root`@`localhost` PROCEDURE `delete_category` (IN `id_delete_category` INT)  BEGIN
declare l_key int;
declare r_key int;
start transaction;
SELECT c.left_key, c.right_key INTO l_key, r_key FROM categories as c WHERE category_id = id_delete_category;
    DELETE FROM categories WHERE categories.left_key >= l_key AND categories.right_key <= r_key;
    UPDATE categories AS c SET c.right_key = c.right_key - (r_key - l_key + 1) WHERE c.right_key > r_key AND c.left_key < l_key;
    UPDATE categories AS c SET c.left_key = c.left_key - (r_key - l_key + 1), c.right_key = c.right_key - (r_key - l_key + 1) WHERE c.left_key > r_key;
    
commit;
END$$

DELIMITER ;

-- --------------------------------------------------------

--
-- Table structure for table `books`
--

CREATE TABLE `books` (
  `book_id` int(9) UNSIGNED NOT NULL,
  `book_name` tinytext NOT NULL,
  `description` text,
  `price` varchar(45) NOT NULL,
  `preview_img` varchar(100) NOT NULL
) ENGINE=InnoDB DEFAULT CHARSET=utf8;

--
-- Dumping data for table `books`
--

INSERT INTO `books` (`book_id`, `book_name`, `description`, `price`, `preview_img`) VALUES
(2, '–ú–∞—Å—Ç–µ—Ä –∏ –ú–∞—Ä–≥–∞—Ä–∏—Ç–∞', '"–ú–∞—Å—Ç–µ—Ä –∏ –ú–∞—Ä–≥–∞—Ä–∏—Ç–∞" –ú.–ê.–ë—É–ª–≥–∞–∫–æ–≤–∞ - —Å–∞–º–æ–µ —É–¥–∏–≤–∏—Ç–µ–ª—å–Ω–æ–µ –∏ –∑–∞–≥–∞–¥–æ—á–Ω–æ–µ –ø—Ä–æ–∏–∑–≤–µ–¥–µ–Ω–∏–µ XX –≤–µ–∫–∞. –û–ø—É–±–ª–∏–∫–æ–≤–∞–Ω–Ω—ã–π –≤ —Å–µ—Ä–µ–¥–∏–Ω–µ 1960-—Ö, —ç—Ç–æ—Ç —Ä–æ–º–∞–Ω –ø–æ—Ä–∞–∑–∏–ª —á–∏—Ç–∞—Ç–µ–ª–µ–π –Ω–µ–æ–±—ã—á–Ω–æ—Å—Ç—å—é –∑–∞–º—ã—Å–ª–∞, –∫—Ä–∞—Å–æ—á–Ω–æ—Å—Ç—å—é –∏ —Ñ–∞–Ω—Ç–∞—Å—Ç–∏—á–Ω–æ—Å—Ç—å—é –¥–µ–π—Å—Ç–≤–∏—è, –æ–±—ä–µ–¥–∏–Ω—è—é—â–µ–≥–æ –≥–µ—Ä–æ–µ–≤ —Ä–∞–∑–Ω—ã—Ö —ç–ø–æ—Ö –∏ –∫—É–ª—å—Ç—É—Ä. –ê–≤—Ç–æ—Ä —Å–æ–∑–¥–∞–ª "—Ä–æ–º–∞–Ω –≤ —Ä–æ–º–∞–Ω–µ", –≥–¥–µ —Å–ø–ª–µ—Ç–µ–Ω—ã –≤–æ–µ–¥–∏–Ω–æ —Ä–µ–ª–∏–≥–∏–æ–∑–Ω–æ-–∏—Å—Ç–æ—Ä–∏—á–µ—Å–∫–∞—è –º–∏—Å—Ç–µ—Ä–∏—è, –≤–æ—Å—Ö–æ–¥—è—â–∞—è –∫ –ª–µ–≥–µ–Ω–¥–µ –æ —Ä–∞—Å–ø—è—Ç–æ–º –•—Ä–∏—Å—Ç–µ, –º–æ—Å–∫–æ–≤—Å–∫–∞—è "–±—É—Ñ—Ñ–æ–Ω–∞–¥–∞" –∏ —Å–≤–µ—Ä—Ö—ä–µ—Å—Ç–µ—Å—Ç–≤–µ–Ω–Ω—ã–µ —Å—Ü–µ–Ω—ã —Å –ø–µ—Ä—Å–æ–Ω–∞–∂–∞–º–∏, –≤–æ–ø–ª–æ—â–∞—é—â–∏–º–∏ –Ω–µ–∫—É—é —Ç–µ–º–Ω—É—é —Å–∏–ª—É, –∫–æ—Ç–æ—Ä–∞—è –æ–¥–Ω–∞–∫–æ "–≤–µ—á–Ω–æ —Ö–æ—á–µ—Ç –∑–ª–∞ –∏ –≤–µ—á–Ω–æ —Å–æ–≤–µ—Ä—à–∞–µ—Ç –±–ª–∞–≥–æ". \n\n"–ï—Å—Ç—å –≤ —ç—Ç–æ–π –∫–Ω–∏–≥–µ –∫–∞–∫–∞—è-—Ç–æ –±–µ–∑—Ä–∞—Å—á–µ—Ç–Ω–æ—Å—Ç—å, –∫–∞–∫–∞—è-—Ç–æ –ø—Ä–µ–¥—Å–º–µ—Ä—Ç–Ω–∞—è –æ—Å–ª–µ–ø–∏—Ç–µ–ª—å–Ω–æ—Å—Ç—å –±–æ–ª—å—à–æ–≥–æ —Ç–∞–ª–∞–Ω—Ç–∞..." - –ø–∏—Å–∞–ª –ö–æ–Ω—Å—Ç–∞–Ω—Ç–∏–Ω –°–∏–º–æ–Ω–æ–≤ –≤ —Å–≤–æ–µ–º –ø—Ä–µ–¥–∏—Å–ª–æ–≤–∏–∏ –∫ –ø–µ—Ä–≤–æ–π –ø—É–±–ª–∏–∫–∞—Ü–∏–∏ —Ä–æ–º–∞–Ω–∞, –æ—Ç–∫—Ä—ã–≤—à–µ–π –≤—Å–µ–º—É –º–∏—Ä—É –±–æ–ª—å—à–æ–≥–æ —Ö—É–¥–æ–∂–Ω–∏–∫–∞, –ø–æ–¥–ª–∏–Ω–Ω–æ–≥–æ –ú–∞—Å—Ç–µ—Ä–∞ —Å–ª–æ–≤–∞.', '49000', ''),
(3, '–ë—Ä–∞—Ç—å—è –ö–∞—Ä–∞–º–∞–∑–æ–≤—ã', '–ü–æ—Å–ª–µ–¥–Ω–∏–π, —Å–∞–º—ã–π –æ–±—ä–µ–º–Ω—ã–π –∏ –æ–¥–∏–Ω –∏–∑ –Ω–∞–∏–±–æ–ª–µ–µ –∏–∑–≤–µ—Å—Ç–Ω—ã—Ö —Ä–æ–º–∞–Ω–æ–≤ –§.–ú.–î–æ—Å—Ç–æ–µ–≤—Å–∫–æ–≥–æ –æ–±—Ä–∞—â–∞–µ—Ç —á–∏—Ç–∞—Ç–µ–ª—è –∫ –≤–Ω–µ–≤—Ä–µ–º–µ–Ω–Ω—ã–º –Ω—Ä–∞–≤—Å—Ç–≤–µ–Ω–Ω–æ-—Ñ–∏–ª–æ—Å–æ—Ñ—Å–∫–∏–º –≤–æ–ø—Ä–æ—Å–∞–º –æ –≥—Ä–µ—Ö–µ, –≤–æ–∑–¥–∞—è–Ω–∏–∏, —Å–æ—Å—Ç—Ä–∞–¥–∞–Ω–∏–∏ –∏ –º–∏–ª–æ—Å–µ—Ä–¥–∏–∏. –ö–Ω–∏–≥–∞, –∫–æ—Ç–æ—Ä—É—é —Å–∞–º –ø–∏—Å–∞—Ç–µ–ª—å –æ–ø—Ä–µ–¥–µ–ª–∏–ª –∫–∞–∫ "—Ä–æ–º–∞–Ω –æ –±–æ–≥–æ—Ö—É–ª—å—Å—Ç–≤–µ –∏ –æ–ø—Ä–æ–≤–µ—Ä–∂–µ–Ω–∏–∏ –µ–≥–æ", —è–≤–∏–ª–∞—Å—å –ø–æ–ø—ã—Ç–∫–æ–π "—Ä–µ—à–∏—Ç—å –≤–æ–ø—Ä–æ—Å –æ —á–µ–ª–æ–≤–µ–∫–µ", "—Ä–∞–∑–≥–∞–¥–∞—Ç—å —Ç–∞–π–Ω—É" —á–µ–ª–æ–≤–µ–∫–∞, —á—Ç–æ, –ø–æ –î–æ—Å—Ç–æ–µ–≤—Å–∫–æ–º—É, –æ–∑–Ω–∞—á–∞–ª–æ "—Ä–µ—à–∏—Ç—å –≤–æ–ø—Ä–æ—Å –æ –ë–æ–≥–µ". –°–∫–≤–æ–∑—å –ø—Ä–∏–∑–º—É –∏—Å—Ç–æ—Ä–∏–∏ –ø—Ä–æ–≤–∏–Ω—Ü–∏–∞–ª—å–Ω–æ–π —Å–µ–º—å–∏ –ö–∞—Ä–∞–º–∞–∑–æ–≤—ã—Ö –∞–≤—Ç–æ—Ä –ø–æ–≤–µ—Å—Ç–≤—É–µ—Ç –æ–± –∏–∑–≤–µ—á–Ω–æ–π –±–æ—Ä—å–±–µ –ë–æ–∂–µ—Å—Ç–≤–µ–Ω–Ω–æ–≥–æ –∏ –¥—å—è–≤–æ–ª—å—Å–∫–æ–≥–æ –≤ —á–µ–ª–æ–≤–µ—á–µ—Å–∫–æ–π –¥—É—à–µ. –û–¥–∏–Ω –∏–∑ —Å–∞–º—ã—Ö –≥–ª—É–±–æ–∫–∏—Ö –≤ –º–∏—Ä–æ–≤–æ–π –ª–∏—Ç–µ—Ä–∞—Ç—É—Ä–µ –æ–ø—ã—Ç–æ–≤ –æ—Ç—Ä–∞–∂–µ–Ω–∏—è —Ö—Ä–∏—Å—Ç–∏–∞–Ω—Å–∫–æ–≥–æ —Å–æ–∑–Ω–∞–Ω–∏—è, –ë–†–ê–¢–¨–Ø –ö–ê–†–ê–ú–ê–ó–û–í–´ —Å—Ç–∞–ª–∏ –≤ XX –≤–µ–∫–µ –æ–±—ä–µ–∫—Ç–æ–º –ø–∞—Ä–∞–¥–æ–∫—Å–∞–ª—å–Ω—ã—Ö —Ñ–∏–ª–æ—Å–æ—Ñ—Å–∫–∏—Ö –∏ –ø—Å–∏—Ö–æ–∞–Ω–∞–ª–∏—Ç–∏—á–µ—Å–∫–∏—Ö –∏–Ω—Ç–µ—Ä–ø—Ä–µ—Ç–∞—Ü–∏–π.', '39000', ''),
(4, '–î–æ–∫—Ç–æ—Ä –ñ–∏–≤–∞–≥–æ', '–í 1958 –≥–æ–¥—É –ë–æ—Ä–∏—Å –ü–∞—Å—Ç–µ—Ä–Ω–∞–∫ –±—ã–ª —É–¥–æ—Å—Ç–æ–µ–Ω –ù–æ–±–µ–ª–µ–≤—Å–∫–æ–π –ø—Ä–µ–º–∏–∏ –ø–æ –ª–∏—Ç–µ—Ä–∞—Ç—É—Ä–µ "–∑–∞ –∑–Ω–∞—á–∏—Ç–µ–ª—å–Ω—ã–µ –¥–æ—Å—Ç–∏–∂–µ–Ω–∏—è –≤ —Å–æ–≤—Ä–µ–º–µ–Ω–Ω–æ–π –ª–∏—Ä–∏—á–µ—Å–∫–æ–π –ø–æ—ç–∑–∏–∏, –∞ —Ç–∞–∫–∂–µ –∑–∞ –ø—Ä–æ–¥–æ–ª–∂–µ–Ω–∏–µ —Ç—Ä–∞–¥–∏—Ü–∏–π –≤–µ–ª–∏–∫–æ–≥–æ —Ä—É—Å—Å–∫–æ–≥–æ —ç–ø–∏—á–µ—Å–∫–æ–≥–æ —Ä–æ–º–∞–Ω–∞", –Ω–æ –¥–ª—è —Å–æ–æ—Ç–µ—á–µ—Å—Ç–≤–µ–Ω–Ω–∏–∫–æ–≤ –ø—Ä–∏—Å—É–∂-–¥–µ–Ω–∏–µ –ø—Ä–µ–º–∏–∏ –æ–∫–∞–∑–∞–ª–æ—Å—å –ø—Ä–æ—á–Ω–æ —Å–≤—è–∑–∞–Ω–æ —Å —Ä–æ–º–∞–Ω–æ–º "–î–æ–∫—Ç–æ—Ä –ñ–∏–≤–∞–≥–æ". –ú–∞—Å—à—Ç–∞–±–Ω–∞—è —ç–ø–æ–ø–µ—è, –∑–∞—Ö–≤–∞—Ç—ã–≤–∞—é—â–∞—è –∏—Å—Ç–æ—Ä–∏—è –ª—é–±–≤–∏, —Ç—Ä–∞–≥–∏—á–µ—Å–∫–æ–µ —Å–≤–∏–¥–µ—Ç–µ–ª—å—Å—Ç–≤–æ –º–Ω–æ–≥–æ—Å—Ç—Ä–∞–¥–∞–ª—å–Ω–æ–π —ç–ø–æ—Ö–∏, - —ç—Ç–æ –ø—Ä–æ–∏–∑–≤–µ–¥–µ–Ω–∏–µ –ø–æ –ø—Ä–∞–≤—É —Å—á–∏—Ç–∞–µ—Ç—Å—è –æ–¥–Ω–∏–º –∏–∑ –≤–µ–ª–∏—á–∞–π—à–∏—Ö —Ä–æ–º–∞–Ω–æ–≤ –∫–∞–∫ —Ä–æ—Å—Å–∏–π—Å–∫–æ–π, —Ç–∞–∫ –∏ –º–∏—Ä–æ–≤–æ–π –ª–∏—Ç–µ—Ä–∞—Ç—É—Ä—ã.', '51000', ''),
(5, '–î—É–º–∞–π –∫–∞–∫ –º–∞—Ç–µ–º–∞—Ç–∏–∫. –ö–∞–∫ —Ä–µ—à–∞—Ç—å –ª—é–±—ã–µ –∑–∞–¥–∞—á–∏ –±—ã—Å—Ç—Ä–µ–µ –∏ —ç—Ñ—Ñ–µ–∫—Ç–∏–≤–Ω–µ–µ', '–û —á–µ–º –∫–Ω–∏–≥–∞\n\n–ü—Ä–∏–Ω—è—Ç–æ —Å—á–∏—Ç–∞—Ç—å, —á—Ç–æ –º–∞—Ç–µ–º–∞—Ç–∏–∫–∏ - —ç—Ç–æ –ª—é–¥–∏, –Ω–∞–¥–µ–ª–µ–Ω–Ω—ã–µ –Ω–µ–¥—é–∂–∏–Ω–Ω—ã–º–∏ –∏–Ω—Ç–µ–ª–ª–µ–∫—Ç—É–∞–ª—å–Ω—ã–º–∏ —Å–ø–æ—Å–æ–±–Ω–æ—Å—Ç—è–º–∏, –∫–æ—Ç–æ—Ä—ã–µ –Ω–µ–æ–±—Ö–æ–¥–∏–º–æ —Ä–∞–∑–≤–∏–≤–∞—Ç—å —Å —Å–∞–º–æ–≥–æ –¥–µ—Ç—Å—Ç–≤–∞. –ò –±–æ–ª—å—à–∏–Ω—Å—Ç–≤—É —Ç–æ—á–Ω–æ—Å—Ç—å –∏ –ª–æ–≥–∏—á–Ω–æ—Å—Ç—å –º–∞—Ç–µ–º–∞—Ç–∏—á–µ—Å–∫–æ–≥–æ –º—ã—à–ª–µ–Ω–∏—è –Ω–µ–¥–æ—Å—Ç—É–ø–Ω–∞. –ë–∞—Ä–±–∞—Ä–∞ –û–∞–∫–ª–∏, –¥–æ–∫—Ç–æ—Ä –Ω–∞—É–∫, –¥–æ–∫–∞–∑—ã–≤–∞–µ—Ç, —á—Ç–æ –∫–∞–∂–¥—ã–π –º–æ–∂–µ—Ç –∏–∑–º–µ–Ω–∏—Ç—å —Å–ø–æ—Å–æ–± —Å–≤–æ–µ–≥–æ –º—ã—à–ª–µ–Ω–∏—è –∏ –æ–≤–ª–∞–¥–µ—Ç—å –ø—Ä–∏–µ–º–∞–º–∏, –∫–æ—Ç–æ—Ä—ã–µ –∏—Å–ø–æ–ª—å–∑—É—é—Ç –≤—Å–µ —Å–ø–µ—Ü–∏–∞–ª–∏—Å—Ç—ã –ø–æ —Ç–æ—á–Ω—ã–º –Ω–∞—É–∫–∞–º. \n\n\n–ü–æ—á–µ–º—É –∫–Ω–∏–≥–∞ –¥–æ—Å—Ç–æ–π–Ω–∞ –ø—Ä–æ—á—Ç–µ–Ω–∏—è\n\n–ò–∑ —ç—Ç–æ–π –∫–Ω–∏–≥–∏ –≤—ã —É–∑–Ω–∞–µ—Ç–µ: \n\n–ø–æ—á–µ–º—É –≤–∞–∂–Ω–æ —É—Å–≤–∞–∏–≤–∞—Ç—å –∑–Ω–∞–Ω–∏—è –ø–æ—Ä—Ü–∏—è–º–∏; \n\n–∫–∞–∫ –ø—Ä–µ–æ–¥–æ–ª–µ—Ç—å "—Å—Ç—É–ø–æ—Ä" –∏ –¥–æ–±–∏—Ç—å—Å—è –æ–∑–∞—Ä–µ–Ω–∏—è; \n\n–∫–∞–∫—É—é —Ä–æ–ª—å –∏–≥—Ä–∞–µ—Ç —Å–æ–Ω –≤ —Ä–µ—à–µ–Ω–∏–∏ —Å–ª–æ–∂–Ω—ã—Ö –∑–∞–¥–∞—á; \n\n—á—Ç–æ —Ç–∞–∫–æ–µ –ø—Ä–æ–∫—Ä–∞—Å—Ç–∏–Ω–∞—Ü–∏—è, –∏ –∫–∞–∫ —Å –Ω–µ–π –±–æ—Ä–æ—Ç—å—Å—è; \n\n–ø–æ—á–µ–º—É –ø—Ä–∞–∫—Ç–∏–∫–∞ –≤—Å–ø–æ–º–∏–Ω–∞–Ω–∏—è –≥–æ—Ä–∞–∑–¥–æ —ç—Ñ—Ñ–µ–∫—Ç–∏–≤–Ω–µ–µ, —á–µ–º –ø–µ—Ä–µ—á–∏—Ç—ã–≤–∞–Ω–∏–µ –Ω–µ—Å–∫–æ–ª—å–∫–æ —Ä–∞–∑ –æ–¥–Ω–æ–≥–æ –∏ —Ç–æ–≥–æ –∂–µ; \n\n—á—Ç–æ —Ç–∞–∫–æ–µ "–∏–Ω—Ç–µ—Ä–ª–∏–≤–∏–Ω–≥", –∏ –ø–æ—á–µ–º—É –æ–Ω —Ç–∞–∫ –ø–æ–ª–µ–∑–µ–Ω –¥–ª—è –∑–∞–ø–æ–º–∏–Ω–∞–Ω–∏—è –∏ —É—Å–≤–æ–µ–Ω–∏—è –Ω–æ–≤–æ–π –∏–Ω—Ñ–æ—Ä–º–∞—Ü–∏–∏. \n\n\n–ö—Ç–æ –∞–≤—Ç–æ—Ä\n\n–ë–∞—Ä–±–∞—Ä–∞ –û–∞–∫–ª–∏, –¥–æ–∫—Ç–æ—Ä –Ω–∞—É–∫, –∏–Ω–∂–µ–Ω–µ—Ä-–∫–æ–Ω—Å—É–ª—å—Ç–∞–Ω—Ç, —á–ª–µ–Ω —Å–æ–≤–µ—Ç–∞ –ê–º–µ—Ä–∏–∫–∞–Ω—Å–∫–æ–≥–æ –∏–Ω—Å—Ç–∏—Ç—É—Ç–∞ –º–µ–¥–∏—Ü–∏–Ω—Å–∫–æ–≥–æ –∏ –±–∏–æ–ª–æ–≥–∏—á–µ—Å–∫–æ–≥–æ –º–∞—à–∏–Ω–æ—Å—Ç—Ä–æ–µ–Ω–∏—è. –ë–∞—Ä–±–∞—Ä–∞ —Å–º–µ–Ω–∏–ª–∞ –Ω–µ—Å–∫–æ–ª—å–∫–æ –ø—Ä–æ—Ñ–µ—Å—Å–∏–π: –±—ã–ª–∞ –ø–µ—Ä–µ–≤–æ–¥—á–∏–∫–æ–º —Å —Ä—É—Å—Å–∫–æ–≥–æ —è–∑—ã–∫–∞ –Ω–∞ —Å–æ–≤–µ—Ç—Å–∫–æ–º —Ç—Ä–∞—É–ª–µ—Ä–µ –≤ –ë–µ—Ä–∏–Ω–≥–æ–≤–æ–º –º–æ—Ä–µ, —Ä–∞–±–æ—Ç–∞–ª–∞ –ø—Ä–µ–ø–æ–¥–∞–≤–∞—Ç–µ–ª–µ–º –≤ –ö–∏—Ç–∞–µ, —Å–ª—É–∂–∏–ª–∞ –≤ –≤–æ–π—Å–∫–∞—Ö —Å–≤—è–∑–∏ –°–®–ê, –≤ –ó–∞–ø–∞–¥–Ω–æ–π –ì–µ—Ä–º–∞–Ω–∏–∏ –∫–æ–º–∞–Ω–¥–∏—Ä–æ–º –æ—Ç–¥–µ–ª–µ–Ω–∏—è —Å–≤—è–∑–∏—Å—Ç–æ–≤. –û–Ω–∞ –Ω–∞ —Å–≤–æ–µ–º –ª–∏—á–Ω–æ–º –æ–ø—ã—Ç–µ –¥–æ–∫–∞–∑–∞–ª–∞, —á—Ç–æ —á–µ–ª–æ–≤–µ–∫ —Å–ø–æ—Å–æ–±–µ–Ω —Ç—Ä–µ–Ω–∏—Ä–æ–≤–∞—Ç—å —Å–≤–æ–π –º–æ–∑–≥ –∏ –æ—Å–≤–∞–∏–≤–∞—Ç—å –Ω–æ–≤—ã–µ, –∫–∞–∑–∞–≤—à–∏–µ—Å—è –Ω–µ–¥–æ—Å—Ç—É–ø–Ω—ã–º–∏, –æ–±–ª–∞—Å—Ç–∏ –∑–Ω–∞–Ω–∏–π. \n\n\n–ö–ª—é—á–µ–≤—ã–µ –ø–æ–Ω—è—Ç–∏—è\n\n–ú–æ–∑–≥, –º–∞—Ç–µ–º–∞—Ç–∏–∫–∞, –µ—Å—Ç–µ—Å—Ç–≤–µ–Ω–Ω—ã–µ –Ω–∞—É–∫–∏, —Ç—Ä–µ–Ω–∏—Ä–æ–≤–∫–∞, –æ–±—É—á–µ–Ω–∏–µ, –∑–Ω–∞–Ω–∏—è, –∑–∞–¥–∞—á–∞, –ø—Ä–æ–∫—Ä–∞—Å—Ç–∏–Ω–∞—Ü–∏—è, –∏–Ω—Ñ–æ—Ä–º–∞—Ü–∏—è.', '61000', ''),
(7, 'Git –¥–ª—è –ø—Ä–æ—Ñ–µ—Å—Å–∏–æ–Ω–∞–ª—å–Ω–æ–≥–æ –ø—Ä–æ–≥—Ä–∞–º–º–∏—Å—Ç–∞', '–≠—Ç–∞ –∫–Ω–∏–≥–∞ –ø—Ä–µ–¥—Å—Ç–∞–≤–ª—è–µ—Ç —Å–æ–±–æ–π –æ–±–Ω–æ–≤–ª–µ–Ω–Ω–æ–µ —Ä—É–∫–æ–≤–æ–¥—Å—Ç–≤–æ –ø–æ –∏—Å–ø–æ–ª—å–∑–æ–≤–∞–Ω–∏—é Git –≤ —Å–æ–≤—Ä–µ–º–µ–Ω–Ω—ã—Ö —É—Å–ª–æ–≤–∏—è—Ö. –° —Ç–µ—Ö –ø–æ—Ä –∫–∞–∫ –ø—Ä–æ–µ–∫—Ç Git - —Ä–∞—Å–ø—Ä–µ–¥–µ–ª–µ–Ω–Ω–∞—è —Å–∏—Å—Ç–µ–º–∞ —É–ø—Ä–∞–≤–ª–µ–Ω–∏—è –≤–µ—Ä—Å–∏—è–º–∏ - –±—ã–ª —Å–æ–∑–¥–∞–Ω –õ–∏–Ω—É—Å–æ–º –¢–æ—Ä–≤–∞–ª—å–¥—Å–æ–º, –ø—Ä–æ—à–ª–æ –º–Ω–æ–≥–æ –ª–µ—Ç, –∏ —Å–∏—Å—Ç–µ–º–∞ Git –ø—Ä–µ–≤—Ä–∞—Ç–∏–ª–∞—Å—å –≤ –¥–æ–º–∏–Ω–∏—Ä—É—é—â—É—é —Å–∏—Å—Ç–µ–º—É –∫–æ–Ω—Ç—Ä–æ–ª—è –≤–µ—Ä—Å–∏–π, –∫–∞–∫ –¥–ª—è –∫–æ–º–º–µ—Ä—á–µ—Å–∫–∏—Ö —Ü–µ–ª–µ–π, —Ç–∞–∫ –∏ –¥–ª—è –ø—Ä–æ–µ–∫—Ç–æ–≤ —Å –æ—Ç–∫—Ä—ã—Ç—ã–º –∏—Å—Ö–æ–¥–Ω—ã–º –∫–æ–¥–æ–º. –≠—Ñ—Ñ–µ–∫—Ç–∏–≤–Ω—ã–π –∏ —Ö–æ—Ä–æ—à–æ —Ä–µ–∞–ª–∏–∑–æ–≤–∞–Ω–Ω—ã–π –∫–æ–Ω—Ç—Ä–æ–ª—å –≤–µ—Ä—Å–∏–π –Ω–µ–æ–±—Ö–æ–¥–∏–º –¥–ª—è –ª—é–±–æ–≥–æ —É—Å–ø–µ—à–Ω–æ–≥–æ –≤–µ–±-–ø—Ä–æ–µ–∫—Ç–∞. –ü–æ—Å—Ç–µ–ø–µ–Ω–Ω–æ —ç—Ç—É —Å–∏—Å—Ç–µ–º—É –ø—Ä–∏–Ω—è–ª–∏ –Ω–∞ –≤–æ–æ—Ä—É–∂–µ–Ω–∏–µ –ø—Ä–∞–∫—Ç–∏—á–µ—Å–∫–∏ –≤—Å–µ —Å–æ–æ–±—â–µ—Å—Ç–≤–∞ —Ä–∞–∑—Ä–∞–±–æ—Ç—á–∏–∫–æ–≤ –ü–û —Å –æ—Ç–∫—Ä—ã—Ç—ã–º –∏—Å—Ö–æ–¥–Ω—ã–º –∫–æ–¥–æ–º. –ü–æ—è–≤–ª–µ–Ω–∏–µ –æ–≥—Ä–æ–º–Ω–æ–≥–æ —á–∏—Å–ª–∞ –≥—Ä–∞—Ñ–∏—á–µ—Å–∫–∏—Ö –∏–Ω—Ç–µ—Ä—Ñ–µ–π—Å–æ–≤ –¥–ª—è –≤—Å–µ—Ö –ø–ª–∞—Ç—Ñ–æ—Ä–º –∏ –ø–æ–¥–¥–µ—Ä–∂–∫–∞ IDE –ø–æ–∑–≤–æ–ª–∏–ª–∏ –≤–Ω–µ–¥—Ä–∏—Ç—å Git –≤ –æ–ø–µ—Ä–∞—Ü–∏–æ–Ω–Ω—ã–µ —Å–∏—Å—Ç–µ–º—ã —Å–µ–º–µ–π—Å—Ç–≤–∞ Windows. –í—Ç–æ—Ä–æ–µ –∏–∑–¥–∞–Ω–∏–µ –∫–Ω–∏–≥–∏ –±—ã–ª–æ –æ–±–Ω–æ–≤–ª–µ–Ω–æ –¥–ª—è Git-–≤–µ—Ä—Å–∏–∏ 2.0 –∏ —É–¥–µ–ª—è–µ—Ç –±–æ–ª—å—à–æ–µ –≤–Ω–∏–º–∞–Ω–∏–µ GitHub.', '77500', ''),
(8, '–ü—É—Ç—å –∞–Ω–∞–ª–∏—Ç–∏–∫–∞. –ü—Ä–∞–∫—Ç–∏—á–µ—Å–∫–æ–µ —Ä—É–∫–æ–≤–æ–¥—Å—Ç–≤–æ IT-—Å–ø–µ—Ü–∏–∞–ª–∏—Å—Ç–∞', '–ü–µ—Ä–µ–¥ –≤–∞–º–∏ –Ω–∞—Å—Ç–æ–ª—å–Ω–∞—è –∫–Ω–∏–≥–∞ –¥–ª—è —Å–∏—Å—Ç–µ–º–Ω—ã—Ö –∞–Ω–∞–ª–∏—Ç–∏–∫–æ–≤, –ø—Ä–æ–≥—Ä–∞–º–º–∏—Å—Ç–æ–≤, –∞—Ä—Ö–∏—Ç–µ–∫—Ç–æ—Ä–æ–≤ –ø—Ä–æ–≥—Ä–∞–º–º–Ω–æ–≥–æ –æ–±–µ—Å–ø–µ—á–µ–Ω–∏—è, –º–µ–Ω–µ–¥–∂–µ—Ä–æ–≤ –ø—Ä–æ–µ–∫—Ç–æ–≤ –∏ –Ω–∞—á–∞–ª—å–Ω–∏–∫–æ–≤ –æ—Ç–¥–µ–ª–æ–≤ –ø–æ —Ä–∞–∑—Ä–∞–±–æ—Ç–∫–µ –ø—Ä–æ–≥—Ä–∞–º–º. –ö—Ä–æ–º–µ —Ç–æ–≥–æ, –∫–Ω–∏–≥–∞ –±—É–¥–µ—Ç –ø–æ–ª–µ–∑–Ω—ã–º —É—á–µ–±–Ω—ã–º –ø–æ—Å–æ–±–∏–µ–º –¥–ª—è –ø—Ä–µ–ø–æ–¥–∞–≤–∞—Ç–µ–ª–µ–π, —Å—Ç—É–¥–µ–Ω—Ç–æ–≤ –∏ –∞—Å–ø–∏—Ä–∞–Ω—Ç–æ–≤ –∫–∞—Ñ–µ–¥—Ä I–¢ –≤ —Ç–µ—Ö–Ω–∏—á–µ—Å–∫–∏—Ö –≤—É–∑–∞—Ö. –ö–∞–∫ –≤–æ–ø–ª–æ—Ç–∏—Ç—å –Ω–µ—è—Å–Ω—ã–µ –æ–∂–∏–¥–∞–Ω–∏—è –∑–∞–∫–∞–∑—á–∏–∫–∞ –≤ –±–ª–µ—Å—Ç—è—â–∏–π –∏ –ø—Ä–∏–±—ã–ª—å–Ω—ã–π –ø—Ä–æ–µ–∫—Ç? –ö–∞–∫ –∏–∑–±–µ–∂–∞—Ç—å –æ—à–∏–±–æ–∫ –Ω–∞ –Ω–∞—á–∞–ª—å–Ω–æ–º —ç—Ç–∞–ø–µ? –ö–∞–∫ —Å—Ç–∞—Ç—å —ç—Ñ—Ñ–µ–∫—Ç–∏–≤–Ω—ã–º –∞–Ω–∞–ª–∏—Ç–∏–∫–æ–º?\r\n–ê–≤—Ç–æ—Ä—ã –æ—Ç–≤–µ—á–∞—é—Ç –Ω–∞ —ç—Ç–∏ –≤–æ–ø—Ä–æ—Å—ã –∏ –¥–µ–ª—è—Ç—Å—è —Å–≤–æ–∏–º–∏ –Ω–æ—É-—Ö–∞—É, –∫–æ—Ç–æ—Ä—ã–µ –ø–æ–∑–≤–æ–ª—è—Ç –≤–∞–º —Å—Ç–∞—Ç—å –≥—É—Ä—É –≤ —Ä–∞–∑—Ä–∞–±–æ—Ç–∫–µ –ø—Ä–æ–≥—Ä–∞–º–º–Ω–æ–≥–æ –æ–±–µ—Å–ø–µ—á–µ–Ω–∏—è. –ì–ª–∞–≤–Ω–æ–µ –¥–æ—Å—Ç–æ–∏–Ω—Å—Ç–≤–æ –∫–Ω–∏–≥–∏ - –µ–µ –ø—Ä–∞–∫—Ç–∏—á–µ—Å–∫–∞—è –Ω–∞–ø—Ä–∞–≤–ª–µ–Ω–Ω–æ—Å—Ç—å. –í –Ω–µ–π —Å–æ–±—Ä–∞–Ω–∞ –ø–æ–ª–µ–∑–Ω–∞—è –∏–Ω—Ñ–æ—Ä–º–∞—Ü–∏—è —Å–æ —Å—Å—ã–ª–∫–∞–º–∏ –Ω–∞ —Ç–µ–æ—Ä–µ—Ç–∏—á–µ—Å–∫–∏–µ –º–∞—Ç–µ—Ä–∏–∞–ª—ã –∏–∑ —Ä–∞–∑–Ω—ã—Ö –æ–±–ª–∞—Å—Ç–µ–π —Ä–∞–∑—Ä–∞–±–æ—Ç–∫–∏ –ø—Ä–æ–≥—Ä–∞–º–º–Ω–æ–≥–æ –æ–±–µ—Å–ø–µ—á–µ–Ω–∏—è: –∞–Ω–∞–ª–∏–∑–∞, –∞—Ä—Ö–∏—Ç–µ–∫—Ç—É—Ä—ã, —É–ø—Ä–∞–≤–ª–µ–Ω–∏—è –ø—Ä–æ–µ–∫—Ç–∞–º–∏, –ª–∏–¥–µ—Ä—Å—Ç–≤–∞ –∏ —É–ø—Ä–∞–≤–ª–µ–Ω–∏—è –ø–µ—Ä—Å–æ–Ω–∞–ª–æ–º - –≤—Å–µ, —á—Ç–æ –ø–æ–Ω–∞–¥–æ–±–∏—Ç—Å—è –≤ —Ä–µ–∞–ª—å–Ω—ã—Ö –ø—Ä–æ–∏–∑–≤–æ–¥—Å—Ç–≤–µ–Ω–Ω—ã—Ö –ø—Ä–æ–µ–∫—Ç–∞—Ö.\r\n–ü–æ–º–∏–º–æ —ç—Ç–æ–≥–æ, –≤ –∫–Ω–∏–≥–µ —Å–æ–¥–µ—Ä–∂–∏—Ç—Å—è –∞–Ω–∞–ª–∏–∑ —Ä–∞–∑–Ω–æ–æ–±—Ä–∞–∑–Ω—ã—Ö –∫–µ–π—Å–æ–≤ –∏ —Å–∏—Ç—É–∞—Ü–∏–π, –∞ —Ç–∞–∫–∂–µ –ø—Ä–∏–º–µ—Ä—ã –¥–æ–∫—É–º–µ–Ω—Ç–æ–≤ –∏ —à–∞–±–ª–æ–Ω–æ–≤, –Ω–µ–æ–±—Ö–æ–¥–∏–º—ã—Ö –¥–ª—è —Ä–∞–∑—Ä–∞–±–æ—Ç–∫–∏ –ü–û. –ê–≤—Ç–æ—Ä—ã —Å—Ç—Ä—É–∫—Ç—É—Ä–∏—Ä—É—é—Ç –æ–≥—Ä–æ–º–Ω—ã–π –º–∞—Å—Å–∏–≤ —Ç–µ–æ—Ä–µ—Ç–∏—á–µ—Å–∫–æ–π –∏–Ω—Ñ–æ—Ä–º–∞—Ü–∏–∏ –∏—Å—Ö–æ–¥—è –∏–∑ –µ–µ –ø—Ä–∞–∫—Ç–∏—á–µ—Å–∫–æ–π —Ü–µ–Ω–Ω–æ—Å—Ç–∏ –Ω–∞ –∫–∞–∂–¥–æ–º —ç—Ç–∞–ø–µ –ø—Ä–æ—Ñ–µ—Å—Å–∏–æ–Ω–∞–ª—å–Ω–æ–π –∫–∞—Ä—å–µ—Ä—ã. –ö–Ω–∏–≥–∞ –Ω–∞–ø–∏—Å–∞–Ω–∞ –ø—Ä–æ—Å—Ç—ã–º –∏ –¥–æ—Å—Ç—É–ø–Ω—ã–º —è–∑—ã–∫–æ–º.\r\n–ê–≤—Ç–æ—Ä—ã 15 –ª–µ—Ç —à–ª–∏ –∫ –≤—ã—Å—à–µ–º—É —É—Ä–æ–≤–Ω—é –ø—Ä–æ—Ñ–µ—Å—Å–∏–æ–Ω–∞–ª–∏–∑–º–∞, –∞ –≤–∞—Å –æ—Ç–¥–µ–ª—è–µ—Ç –æ—Ç —Ç–µ—Ö –∂–µ –∑–Ω–∞–Ω–∏–π —Ç–æ–ª—å–∫–æ –ø—Ä–æ—á—Ç–µ–Ω–∏–µ —ç—Ç–æ–π –∫–Ω–∏–≥–∏.', '67900', ''),
(9, '–ü—Ä–æ—Å—Ç–æ–π Python. –°–æ–≤—Ä–µ–º–µ–Ω–Ω—ã–π —Å—Ç–∏–ª—å –ø—Ä–æ–≥—Ä–∞–º–º–∏—Ä–æ–≤–∞–Ω–∏—è', '–≠—Ç–∞ –∫–Ω–∏–≥–∞ –∏–¥–µ–∞–ª—å–Ω–æ –ø–æ–¥—Ö–æ–¥–∏—Ç –∫–∞–∫ –¥–ª—è –Ω–∞—á–∏–Ω–∞—é—â–∏—Ö –ø—Ä–æ–≥—Ä–∞–º–º–∏—Å—Ç–æ–≤, —Ç–∞–∫ –∏ –¥–ª—è —Ç–µ—Ö, –∫—Ç–æ —Ç–æ–ª—å–∫–æ —Å–æ–±–∏—Ä–∞–µ—Ç—Å—è –æ—Å–≤–∞–∏–≤–∞—Ç—å Python, –Ω–æ —É–∂–µ –∏–º–µ–µ—Ç –æ–ø—ã—Ç –ø—Ä–æ–≥—Ä–∞–º–º–∏—Ä–æ–≤–∞–Ω–∏—è –Ω–∞ –¥—Ä—É–≥–∏—Ö —è–∑—ã–∫–∞—Ö. –í –Ω–µ–π –ø–æ–¥—Ä–æ–±–Ω–æ —Ä–∞—Å—Å–º–∞—Ç—Ä–∏–≤–∞—é—Ç—Å—è —Å–∞–º—ã–µ —Å–æ–≤—Ä–µ–º–µ–Ω–Ω—ã–µ –ø–∞–∫–µ—Ç—ã –∏ –±–∏–±–ª–∏–æ—Ç–µ–∫–∏ Python. –°—Ç–∏–ª–∏—Å—Ç–∏—á–µ—Å–∫–∏ –∏–∑–¥–∞–Ω–∏–µ –Ω–∞–ø–æ–º–∏–Ω–∞–µ—Ç —Ä—É–∫–æ–≤–æ–¥—Å—Ç–≤–æ —Å –≤–∫—Ä–∞–ø–ª–µ–Ω–∏—è–º–∏ –∫–æ–¥–∞, –ø–æ–¥—Ä–æ–±–Ω–æ –æ–±—ä—è—Å–Ω—è—è —Ä–∞–∑–ª–∏—á–Ω—ã–µ –∫–æ–Ω—Ü–µ–ø—Ü–∏–∏ Python 3. –ü–æ–¥ –æ–±–ª–æ–∂–∫–æ–π –≤—ã –Ω–∞–π–¥–µ—Ç–µ –æ–±—à–∏—Ä–Ω—ã–π –º–∞—Ç–µ—Ä–∏–∞–ª –æ—Ç —Å–∞–º—ã—Ö –æ—Å–Ω–æ–≤ —è–∑—ã–∫–∞ –¥–æ —Å—Ä–∞–≤–Ω–∏—Ç–µ–ª—å–Ω–æ —Å–ª–æ–∂–Ω—ã—Ö –∏ —É–∑–∫–∏—Ö —Ç–µ–º. \r\n\r\n–ü—Ä–æ—á–∏—Ç–∞–≤ —ç—Ç—É –∫–Ω–∏–≥—É, –≤—ã –Ω–µ —Ç–æ–ª—å–∫–æ —É–±–µ–¥–∏—Ç–µ—Å—å, —á—Ç–æ Python - —ç—Ç–æ –≤–∫—É—Å–Ω–æ, –Ω–æ –∏ –æ—Å–≤–æ–∏—Ç–µ –∏—Å–∫—É—Å—Å—Ç–≤–æ —Ç–µ—Å—Ç–∏—Ä–æ–≤–∞–Ω–∏—è, –æ—Ç–ª–∞–¥–∫–∏, –º–Ω–æ–≥–æ–∫—Ä–∞—Ç–Ω–æ–≥–æ –∏—Å–ø–æ–ª—å–∑–æ–≤–∞–Ω–∏—è –∫–æ–¥–∞, –∞ —Ç–∞–∫–∂–µ –Ω–∞—É—á–∏—Ç–µ—Å—å –ø—Ä–∏–º–µ–Ω—è—Ç—å Python –≤ —Ä–∞–∑–ª–∏—á–Ω—ã—Ö –ø—Ä–µ–¥–º–µ—Ç–Ω—ã—Ö –æ–±–ª–∞—Å—Ç—è—Ö.', '101900', ''),
(10, '–°–∞–º–æ—É—á–∏—Ç–µ–ª—å UML 2', '–†–∞—Å—Å–º–æ—Ç—Ä–µ–Ω–∞ —Å–æ–≤—Ä–µ–º–µ–Ω–Ω–∞—è —Ç–µ—Ö–Ω–æ–ª–æ–≥–∏—è –æ–±—ä–µ–∫—Ç–Ω–æ-–æ—Ä–∏–µ–Ω—Ç–∏—Ä–æ–≤–∞–Ω–Ω–æ–≥–æ –∞–Ω–∞–ª–∏–∑–∞ –∏ –ø—Ä–æ–µ–∫—Ç–∏—Ä–æ–≤–∞–Ω–∏—è –ø—Ä–æ–≥—Ä–∞–º–º–Ω—ã—Ö —Å–∏—Å—Ç–µ–º –∏ –±–∏–∑–Ω–µ—Å-–ø—Ä–æ—Ü–µ—Å—Å–æ–≤ –≤ –∫–æ–Ω—Ç–µ–∫—Å—Ç–µ –Ω–æ—Ç–∞—Ü–∏–∏ —É–Ω–∏—Ñ–∏—Ü–∏—Ä–æ–≤–∞–Ω–Ω–æ–≥–æ —è–∑—ã–∫–∞ –º–æ–¥–µ–ª–∏—Ä–æ–≤–∞–Ω–∏—è UML 2. –ü–æ–¥—Ä–æ–±–Ω–æ –∏–∑–ª–æ–∂–µ–Ω—ã –≤—Å–µ –ø–æ–Ω—è—Ç–∏—è —è–∑—ã–∫–∞ UML 2 –≤ –ø–æ–ª–Ω–æ–º —Å–æ–æ—Ç–≤–µ—Ç—Å—Ç–≤–∏–∏ —Å –æ—Ä–∏–≥–∏–Ω–∞–ª—å–Ω–æ–π —Å–ø–µ—Ü–∏—Ñ–∏–∫–∞—Ü–∏–µ–π –ø–æ—Å–ª–µ–¥–Ω–µ–π –≤–µ—Ä—Å–∏–∏ —ç—Ç–æ–≥–æ —è–∑—ã–∫–∞. –ü—Ä–∏–≤–µ–¥–µ–Ω—ã –∫–æ–Ω–∫—Ä–µ—Ç–Ω—ã–µ —Ä–µ–∫–æ–º–µ–Ω–¥–∞—Ü–∏–∏ –ø–æ —Ä–∞–∑—Ä–∞–±–æ—Ç–∫–µ –∫–∞–Ω–æ–Ω–∏—á–µ—Å–∫–∏—Ö –¥–∏–∞–≥—Ä–∞–º–º —è–∑—ã–∫–∞ –∏ —Ä–∞—Å—Å–º–æ—Ç—Ä–µ–Ω—ã –æ—Å–æ–±–µ–Ω–Ω–æ—Å—Ç–∏ —Ä–∞–∑—Ä–∞–±–æ—Ç–∫–∏ –º–æ–¥–µ–ª–µ–π —Å –ø–æ–º–æ—â—å—é CASE-—Å—Ä–µ–¥—Å—Ç–≤–∞ Borland¬Æ Together¬Æ Designer. –û–ø–∏—Å–∞–Ω–∞ –Ω–æ—Ç–∞—Ü–∏—è OCL - —è–∑—ã–∫–∞ –æ–±—ä–µ–∫—Ç–Ω—ã—Ö –æ–≥—Ä–∞–Ω–∏—á–µ–Ω–∏–π, –ø–æ –∫–æ—Ç–æ—Ä–æ–º—É –ø—Ä–∞–∫—Ç–∏—á–µ—Å–∫–∏ –æ—Ç—Å—É—Ç—Å—Ç–≤—É–µ—Ç –∏–Ω—Ñ–æ—Ä–º–∞—Ü–∏—è –Ω–∞ —Ä—É—Å—Å–∫–æ–º.\r\n', '26400', ''),
(11, '–Ø–∑—ã–∫ –ø—Ä–æ–≥—Ä–∞–º–º–∏—Ä–æ–≤–∞–Ω–∏—è C++. –õ–µ–∫—Ü–∏–∏ –∏ —É–ø—Ä–∞–∂–Ω–µ–Ω–∏—è', '–ö–Ω–∏–≥–∞ –ø—Ä–µ–¥—Å—Ç–∞–≤–ª—è–µ—Ç —Å–æ–±–æ–π —Ç—â–∞—Ç–µ–ª—å–Ω–æ –ø—Ä–æ–≤–µ—Ä–µ–Ω–Ω—ã–π, –∫–∞—á–µ—Å—Ç–≤–µ–Ω–Ω–æ —Å–æ—Å—Ç–∞–≤–ª–µ–Ω–Ω—ã–π –ø–æ–ª–Ω–æ—Ü–µ–Ω–Ω—ã–π —É—á–µ–±–Ω–∏–∫ –ø–æ –æ–¥–Ω–æ–π –∏–∑ –∫–ª—é—á–µ–≤—ã—Ö —Ç–µ–º –¥–ª—è –ø—Ä–æ–≥—Ä–∞–º–º–∏—Å—Ç–æ–≤ –∏ —Ä–∞–∑—Ä–∞–±–æ—Ç—á–∏–∫–æ–≤. –≠—Ç–∞ –∫–ª–∞—Å—Å–∏—á–µ—Å–∫–∞—è —Ä–∞–±–æ—Ç–∞ –ø–æ –≤—ã—á–∏—Å–ª–∏—Ç–µ–ª—å–Ω–æ–π —Ç–µ—Ö–Ω–∏–∫–µ –æ–±—É—á–∞–µ—Ç –ø—Ä–∏–Ω—Ü–∏–ø–∞–º –ø—Ä–æ–≥—Ä–∞–º–º–∏—Ä–æ–≤–∞–Ω–∏—è, —Å—Ä–µ–¥–∏ –∫–æ—Ç–æ—Ä—ã—Ö —Å—Ç—Ä—É–∫—Ç—É—Ä–∏—Ä–æ–≤–∞–Ω–Ω—ã–π –∫–æ–¥ –∏ –Ω–∏—Å—Ö–æ–¥—è—â–µ–µ –ø—Ä–æ–µ–∫—Ç–∏—Ä–æ–≤–∞–Ω–∏–µ, –∞ —Ç–∞–∫–∂–µ –∏—Å–ø–æ–ª—å–∑–æ–≤–∞–Ω–∏—é –∫–ª–∞—Å—Å–æ–≤, –Ω–∞—Å–ª–µ–¥–æ–≤–∞–Ω–∏—è, —à–∞–±–ª–æ–Ω–æ–≤, –∏—Å–∫–ª—é—á–µ–Ω–∏–π, –ª—è–º–±–¥–∞-–≤—ã—Ä–∞–∂–µ–Ω–∏–π, –∏–Ω—Ç–µ–ª–ª–µ–∫—Ç—É–∞–ª—å–Ω—ã—Ö —É–∫–∞–∑–∞—Ç–µ–ª–µ–π –∏ —Å–µ–º–∞–Ω—Ç–∏–∫–∏ –ø–µ—Ä–µ–Ω–æ—Å–∞.\r\n–ê–≤—Ç–æ—Ä –∏ –ø—Ä–µ–ø–æ–¥–∞–≤–∞—Ç–µ–ª—å –°—Ç–∏–≤–µ–Ω –ü—Ä–∞—Ç–∞ —Å–æ–∑–¥–∞–ª –ø–æ—É—á–∏—Ç–µ–ª—å–Ω–æ–µ, —è—Å–Ω–æ–µ –∏ —Å—Ç—Ä–æ–≥–æ–µ –≤–≤–µ–¥–µ–Ω–∏–µ –≤ –°++. –§—É–Ω–¥–∞–º–µ–Ω—Ç–∞–ª—å–Ω—ã–µ –∫–æ–Ω—Ü–µ–ø—Ü–∏–∏ –ø—Ä–æ–≥—Ä–∞–º–º–∏—Ä–æ–≤–∞–Ω–∏—è –∏–∑–ª–∞–≥–∞—é—Ç—Å—è –≤–º–µ—Å—Ç–µ —Å –ø–æ–¥—Ä–æ–±–Ω—ã–º–∏ —Å–≤–µ–¥–µ–Ω–∏—è–º–∏ –æ —è–∑—ã–∫–µ –°++. –ú–Ω–æ–∂–µ—Å—Ç–≤–æ –∫–æ—Ä–æ—Ç–∫–∏—Ö –ø—Ä–∞–∫—Ç–∏—á–µ—Å–∫–∏—Ö –ø—Ä–∏–º–µ—Ä–æ–≤ –∏–ª–ª—é—Å—Ç—Ä–∏—Ä—É—é—Ç –æ–¥–Ω—É –∏–ª–∏ –¥–≤–µ –∫–æ–Ω—Ü–µ–ø—Ü–∏–∏ –∑–∞ —Ä–∞–∑, —Å—Ç–∏–º—É–ª–∏—Ä—É—è —á–∏—Ç–∞—Ç–µ–ª–µ–π –æ—Å–≤–∞–∏–≤–∞—Ç—å –Ω–æ–≤—ã–µ —Ç–µ–º—ã –∑–∞ —Å—á–µ—Ç –Ω–µ–ø–æ—Å—Ä–µ–¥—Å—Ç–≤–µ–Ω–Ω–æ–π –∏—Ö –ø—Ä–æ–≤–µ—Ä–∫–∏ –Ω–∞ –ø—Ä–∞–∫—Ç–∏–∫–µ. –í–æ–ø—Ä–æ—Å—ã –¥–ª—è —Å–∞–º–æ–∫–æ–Ω—Ç—Ä–æ–ª—è –∏ —É–ø—Ä–∞–∂–Ω–µ–Ω–∏—è –ø–æ –ø—Ä–æ–≥—Ä–∞–º–º–∏—Ä–æ–≤–∞–Ω–∏—é, –ø—Ä–µ–¥–ª–∞–≥–∞–µ–º—ã–µ –≤ –∫–æ–Ω—Ü–µ –∫–∞–∂–¥–æ–π –≥–ª–∞–≤—ã, –ø–æ–º–æ–≥—É—Ç —á–∏—Ç–∞—Ç–µ–ª—è–º —Å–æ—Å—Ä–µ–¥–æ—Ç–æ—á–∏—Ç—å—Å—è –Ω–∞ —Å–∞–º–æ–π –∫—Ä–∏—Ç–∏—á–µ—Å–∫–∏ –≤–∞–∂–Ω–æ–π –∏–Ω—Ñ–æ—Ä–º–∞—Ü–∏–∏ –∏ —Å–∏—Å—Ç–µ–º–∞—Ç–∏–∑–∏—Ä–æ–≤–∞—Ç—å –Ω–∞–∏–±–æ–ª–µ–µ —Å–ª–æ–∂–Ω—ã–µ –∫–æ–Ω—Ü–µ–ø—Ü–∏–∏.\r\n–ù–∞–ø–∏—Å–∞–Ω–Ω–æ–µ –≤ –¥—Ä—É–∂–µ—Å—Ç–≤–µ–Ω–Ω–æ–º —Å—Ç–∏–ª–µ, –ø—Ä–æ—Å—Ç–æ–µ –≤ –æ—Å–≤–æ–µ–Ω–∏–∏ —Ä—É–∫–æ–≤–æ–¥—Å—Ç–≤–æ –¥–ª—è —Å–∞–º–æ—Å—Ç–æ—è—Ç–µ–ª—å–Ω–æ–≥–æ –∏–∑—É—á–µ–Ω–∏—è –ø–æ–¥–æ–π–¥–µ—Ç –∫–∞–∫ —Å—Ç—É–¥–µ–Ω—Ç–∞–º, –æ–±—É—á–∞—é—â–∏–º—Å—è –ø—Ä–æ–≥—Ä–∞–º–º–∏—Ä–æ–≤–∞–Ω–∏—é, —Ç–∞–∫ –∏ —Ä–∞–∑—Ä–∞–±–æ—Ç—á–∏–∫–∞–º, –∏–º–µ—é—â–∏–º –¥–µ–ª–æ —Å –¥—Ä—É–≥–∏–º–∏ —è–∑—ã–∫–∞–º–∏ –∏ —Å—Ç—Ä–µ–º—è—â–∏–º—Å—è –ª—É—á—à–µ –ø–æ–Ω—è—Ç—å —Ñ—É–Ω–¥–∞–º–µ–Ω—Ç–∞–ª—å–Ω—ã–µ –æ—Å–Ω–æ–≤—ã —ç—Ç–æ–≥–æ –∫–ª—é—á–µ–≤–æ–≥–æ —è–∑—ã–∫–∞ –ø—Ä–æ–≥—Ä–∞–º–º–∏—Ä–æ–≤–∞–Ω–∏—è. –®–µ—Å—Ç–æ–µ –∏–∑–¥–∞–Ω–∏–µ —ç—Ç–æ–π –∫–Ω–∏–≥–∏ –æ–±–Ω–æ–≤–ª–µ–Ω–æ –∏ —Ä–∞—Å—à–∏—Ä–µ–Ω–æ —Å —É—á–µ—Ç–æ–º –ø–æ—Å–ª–µ–¥–Ω–∏—Ö —Ç–µ–Ω–¥–µ–Ω—Ü–∏–π –≤ —Ä–∞–∑—Ä–∞–±–æ—Ç–∫–µ –Ω–∞ –°++, –∞ —Ç–∞–∫–∂–µ —Å —Ü–µ–ª—å—é –¥–µ—Ç–∞–ª—å–Ω–æ–≥–æ –æ—Ç—Ä–∞–∂–µ–Ω–∏—è –Ω–æ–≤–æ–≥–æ —Å—Ç–∞–Ω–¥–∞—Ä—Ç–∞ –°++11.', '219000', ''),
(15, '–ê–Ω–Ω–∞ –ö–∞—Ä–µ–Ω–∏–Ω–∞', '–∫–æ–µ-—á—Ç–æ', '12300', '11/ff/f530fccbb02b3f548504a5bcdd9b9e42.jpg');

--
-- Triggers `books`
--
DELIMITER $$
CREATE TRIGGER `books_AFTER_INSERT` AFTER INSERT ON `books` FOR EACH ROW BEGIN
	INSERT INTO books_log SET 
    user = CURRENT_USER(),
    action = 'insert',
    time = NOW(),
    books_book_id = NEW.book_id;
END
$$
DELIMITER ;
DELIMITER $$
CREATE TRIGGER `books_BEFORE_DELETE` BEFORE DELETE ON `books` FOR EACH ROW BEGIN
INSERT INTO books_log SET 
    user = CURRENT_USER(),
    action = 'delete',
    time = NOW(),
    books_book_id = OLD.book_id;
END
$$
DELIMITER ;
DELIMITER $$
CREATE TRIGGER `books_BEFORE_UPDATE` BEFORE UPDATE ON `books` FOR EACH ROW BEGIN
INSERT INTO books_log SET 
    user = CURRENT_USER(),
    action = 'update',
    time = NOW(),
    books_book_id = OLD.book_id;
END
$$
DELIMITER ;

-- --------------------------------------------------------

--
-- Table structure for table `books_log`
--

CREATE TABLE `books_log` (
  `books_log_id` int(9) UNSIGNED NOT NULL,
  `user` varchar(45) NOT NULL,
  `action` char(6) NOT NULL,
  `time` timestamp NOT NULL DEFAULT CURRENT_TIMESTAMP ON UPDATE CURRENT_TIMESTAMP,
  `books_book_id` int(9) UNSIGNED NOT NULL
) ENGINE=MyISAM DEFAULT CHARSET=utf8 COMMENT='Stored logs ';

--
-- Dumping data for table `books_log`
--

INSERT INTO `books_log` (`books_log_id`, `user`, `action`, `time`, `books_book_id`) VALUES
(1, 'root@localhost', 'insert', '2016-12-05 17:47:29', 0),
(2, 'root@localhost', 'insert', '2016-12-06 00:17:53', 0),
(3, 'root@localhost', 'update', '2016-12-06 00:18:28', 0),
(4, 'root@localhost', 'delete', '2016-12-06 00:18:48', 0),
(5, 'root@localhost', 'insert', '2016-12-19 12:57:22', 12),
(6, 'root@localhost', 'delete', '2016-12-19 12:58:07', 12),
(7, 'root@localhost', 'insert', '2016-12-29 17:54:50', 12),
(8, 'root@localhost', 'insert', '2016-12-29 17:56:14', 13),
(9, 'root@localhost', 'insert', '2016-12-29 18:23:35', 14),
(10, 'root@localhost', 'insert', '2016-12-29 18:25:21', 15),
(11, 'root@localhost', 'insert', '2016-12-29 18:26:02', 16),
(12, 'root@localhost', 'insert', '2016-12-29 18:29:31', 17),
(13, 'root@localhost', 'insert', '2016-12-31 01:08:33', 12),
(14, 'root@localhost', 'insert', '2016-12-31 01:09:13', 13),
(15, 'root@localhost', 'insert', '2016-12-31 01:10:06', 14),
(16, 'root@localhost', 'delete', '2016-12-31 01:11:14', 13),
(17, 'root@localhost', 'delete', '2016-12-31 01:11:14', 14),
(18, 'root@localhost', 'insert', '2016-12-31 01:13:23', 15),
(19, 'root@localhost', 'insert', '2016-12-31 01:13:28', 16),
(20, 'root@localhost', 'insert', '2016-12-31 01:13:34', 17),
(21, 'root@localhost', 'insert', '2016-12-31 01:13:51', 18),
(22, 'root@localhost', 'insert', '2016-12-31 01:13:56', 19),
(23, 'root@localhost', 'insert', '2016-12-31 01:14:19', 20),
(24, 'root@localhost', 'delete', '2016-12-31 01:14:54', 15),
(25, 'root@localhost', 'delete', '2016-12-31 01:14:54', 16),
(26, 'root@localhost', 'delete', '2016-12-31 01:14:54', 17),
(27, 'root@localhost', 'delete', '2016-12-31 01:14:54', 18),
(28, 'root@localhost', 'delete', '2016-12-31 01:14:54', 19),
(29, 'root@localhost', 'delete', '2016-12-31 01:14:54', 20),
(30, 'root@localhost', 'insert', '2016-12-31 01:23:38', 21),
(31, 'root@localhost', 'insert', '2016-12-31 01:31:33', 22),
(32, 'root@localhost', 'insert', '2016-12-31 01:32:33', 23),
(33, 'root@localhost', 'delete', '2016-12-31 01:32:58', 22),
(34, 'root@localhost', 'delete', '2016-12-31 01:32:58', 23),
(35, 'root@localhost', 'insert', '2016-12-31 01:38:44', 24),
(36, 'root@localhost', 'delete', '2016-12-31 01:38:54', 21),
(37, 'root@localhost', 'delete', '2016-12-31 05:48:27', 24),
(38, 'root@localhost', 'delete', '2016-12-31 05:53:12', 24),
(39, 'root@localhost', 'insert', '2016-12-31 05:57:31', 25),
(40, 'root@localhost', 'delete', '2016-12-31 05:57:51', 25),
(41, 'root@localhost', 'insert', '2016-12-31 05:58:10', 26),
(42, 'root@localhost', 'delete', '2016-12-31 05:58:32', 26),
(43, 'root@localhost', 'delete', '2016-12-31 05:59:09', 26),
(44, 'root@localhost', 'insert', '2017-01-02 03:30:25', 12),
(45, 'root@localhost', 'insert', '2017-01-02 17:04:20', 13),
(46, 'root@localhost', 'delete', '2017-01-02 17:40:03', 12),
(47, 'root@localhost', 'update', '2017-01-02 17:48:17', 13),
(48, 'root@localhost', 'update', '2017-01-02 17:51:08', 13),
(49, 'root@localhost', 'update', '2017-01-02 17:51:26', 13),
(50, 'root@localhost', 'insert', '2017-01-02 17:52:17', 14),
(51, 'root@localhost', 'update', '2017-01-02 17:52:37', 14),
(52, 'root@localhost', 'update', '2017-01-02 17:53:52', 14),
(53, 'root@localhost', 'update', '2017-01-02 17:55:25', 14),
(54, 'root@localhost', 'update', '2017-01-02 17:55:40', 14),
(55, 'root@localhost', 'delete', '2017-01-02 17:56:30', 13),
(56, 'root@localhost', 'delete', '2017-01-02 17:56:30', 14),
(57, 'root@localhost', 'insert', '2017-01-02 17:56:38', 15),
(58, 'root@localhost', 'update', '2017-01-02 17:56:55', 15),
(59, 'root@localhost', 'update', '2017-01-02 18:00:30', 15),
(60, 'root@localhost', 'update', '2017-01-02 18:08:05', 15);

-- --------------------------------------------------------

--
-- Table structure for table `books_properties`
--

CREATE TABLE `books_properties` (
  `books_book_id` int(9) UNSIGNED NOT NULL,
  `authors` tinytext,
  `date_of_release` year(4) DEFAULT NULL,
  `language` varchar(10) DEFAULT NULL,
  `printing` int(9) DEFAULT NULL,
  `books_img` varchar(300) DEFAULT NULL
) ENGINE=InnoDB DEFAULT CHARSET=utf8;

--
-- Dumping data for table `books_properties`
--

INSERT INTO `books_properties` (`books_book_id`, `authors`, `date_of_release`, `language`, `printing`, `books_img`) VALUES
(2, '–ú–∏—Ö–∞–∏–ª –ë—É–ª–≥–∞–∫–æ–≤', 2016, '—Ä—É—Å—Å–∫–∏–π', 12000, NULL),
(3, '–§—ë–¥–æ—Ä –î–æ—Å—Ç–æ–µ–≤—Å–∫–∏–π', 2014, '—Ä—É—Å—Å–∫–∏–π', 15000, NULL),
(4, '–ë–æ—Ä–∏—Å –ü–∞—Å—Ç–µ—Ä–Ω–∞–∫', 2013, '—Ä—É—Å—Å–∫–∏–π', 10000, NULL);

-- --------------------------------------------------------

--
-- Table structure for table `categories`
--

CREATE TABLE `categories` (
  `category_id` int(9) UNSIGNED NOT NULL,
  `name_category` varchar(70) NOT NULL,
  `row` int(3) UNSIGNED NOT NULL,
  `left_key` int(9) UNSIGNED NOT NULL,
  `right_key` int(9) UNSIGNED NOT NULL
) ENGINE=InnoDB DEFAULT CHARSET=utf8 COMMENT='Table contain nested sets architecture of categories hierarchy';

--
-- Dumping data for table `categories`
--

INSERT INTO `categories` (`category_id`, `name_category`, `row`, `left_key`, `right_key`) VALUES
(1, '–í—Å–µ', 0, 1, 16),
(2, '–•—É–¥–æ–∂–µ—Å—Ç–≤–µ–Ω–Ω–∞—è –ª–∏—Ç–µ—Ä–∞—Ç—É—Ä–∞', 1, 8, 13),
(3, '–ö–ª–∞—Å—Å–∏—á–µ—Å–∫–∞—è –∏ —Å–æ–≤—Ä–µ–º–µ–Ω–Ω–∞—è –ø—Ä–æ–∑–∞', 2, 9, 10),
(4, '–ö–∏–Ω–æ—Ä–æ–º–∞–Ω—ã', 2, 11, 12),
(5, '–£—á–µ–±–Ω–∞—è –ª–∏—Ç–µ—Ä–∞—Ç—É—Ä–∞', 1, 2, 7),
(6, '–¢–µ—Ö–Ω–∏—á–µ—Å–∫–∏–µ –Ω–∞—É–∫–∏', 2, 5, 6),
(8, '–†—É—Å—Å–∫–∞—è –ª–∏—Ç–µ—Ä–∞—Ç—É—Ä–∞', 1, 14, 15),
(20, '–ï—Å—Ç–µ—Å—Ç–≤–µ–Ω–Ω—ã–µ –Ω–∞—É–∫–∏', 2, 3, 4);

-- --------------------------------------------------------

--
-- Table structure for table `categories_has_books`
--

CREATE TABLE `categories_has_books` (
  `categories_category_id` int(9) UNSIGNED NOT NULL,
  `books_book_id` int(9) UNSIGNED NOT NULL
) ENGINE=InnoDB DEFAULT CHARSET=utf8;

--
-- Dumping data for table `categories_has_books`
--

INSERT INTO `categories_has_books` (`categories_category_id`, `books_book_id`) VALUES
(8, 2),
(8, 3),
(8, 4),
(6, 5),
(6, 7),
(6, 8),
(6, 9),
(6, 10),
(6, 11),
(8, 15);

-- --------------------------------------------------------

--
-- Table structure for table `feedbacks`
--

CREATE TABLE `feedbacks` (
  `feedback_id` int(9) UNSIGNED NOT NULL,
  `user_id` int(9) UNSIGNED NOT NULL,
  `books_id` int(9) UNSIGNED NOT NULL,
  `comment` text,
  `value` int(1) NOT NULL,
  `date` timestamp NOT NULL DEFAULT CURRENT_TIMESTAMP ON UPDATE CURRENT_TIMESTAMP
) ENGINE=InnoDB DEFAULT CHARSET=utf8;

-- --------------------------------------------------------

--
-- Table structure for table `users`
--

CREATE TABLE `users` (
  `user_id` int(9) UNSIGNED NOT NULL,
  `email` varchar(254) NOT NULL,
  `password` char(60) NOT NULL,
  `role` enum('ADMIN','USER') NOT NULL
) ENGINE=InnoDB DEFAULT CHARSET=utf8;

--
-- Dumping data for table `users`
--

INSERT INTO `users` (`user_id`, `email`, `password`, `role`) VALUES
(9, 'admin', '$2y$10$ProH7jipE2tXUQF0FNpcR.R0SJOai.wIByMZAdyCK9YJw.zGZXayK', 'ADMIN'),
(10, 'user1', '$2y$10$/oOl9xqsXRVRJ0qWRqfM/utxsVgOqv7pMTSPOqxeCsbCWcH89cv4m', 'USER'),
(11, 'user2', '$2y$10$KH8O.0lq3rCeFe/uMOoJkOSik/Da30Q9VL8EfKrSFY5iLpzgQZqEq', 'USER');

--
-- Triggers `users`
--
DELIMITER $$
CREATE TRIGGER `users_AFTER_INSERT` AFTER INSERT ON `users` FOR EACH ROW BEGIN
	INSERT INTO users_log SET
    user = CURRENT_USER(),
    action = 'insert',
    time = NOW(),
    users_user_id = NEW.user_id;
END
$$
DELIMITER ;
DELIMITER $$
CREATE TRIGGER `users_BEFORE_DELETE` BEFORE DELETE ON `users` FOR EACH ROW BEGIN
	INSERT INTO users_log SET 
    user = CURRENT_USER(),
    action = 'delete',
    time = NOW(),
    users_user_id = OLD.user_id;
END
$$
DELIMITER ;
DELIMITER $$
CREATE TRIGGER `users_BEFORE_UPDATE` BEFORE UPDATE ON `users` FOR EACH ROW BEGIN
	INSERT INTO users_log SET 
    user = CURRENT_USER(),
    action = 'update',
    time = NOW(),
    users_user_id = OLD.user_id;
END
$$
DELIMITER ;

-- --------------------------------------------------------

--
-- Table structure for table `users_log`
--

CREATE TABLE `users_log` (
  `user_log_id` int(9) UNSIGNED NOT NULL,
  `user` varchar(45) NOT NULL,
  `action` char(6) NOT NULL,
  `time` timestamp NOT NULL DEFAULT CURRENT_TIMESTAMP ON UPDATE CURRENT_TIMESTAMP,
  `users_user_id` int(9) UNSIGNED NOT NULL
) ENGINE=MyISAM DEFAULT CHARSET=utf8 COMMENT='Stroed users log';

--
-- Dumping data for table `users_log`
--

INSERT INTO `users_log` (`user_log_id`, `user`, `action`, `time`, `users_user_id`) VALUES
(1, 'root@localhost', 'insert', '2016-12-06 00:34:24', 0),
(2, 'root@localhost', 'update', '2016-12-06 00:34:40', 0),
(3, 'root@localhost', 'delete', '2016-12-06 00:34:48', 0),
(4, 'root@localhost', 'insert', '2016-12-06 05:18:45', 0),
(5, 'root@localhost', 'insert', '2016-12-19 13:03:44', 4),
(6, 'root@localhost', 'insert', '2016-12-19 13:22:42', 5),
(7, 'root@localhost', 'delete', '2017-01-06 22:23:15', 5),
(8, 'root@localhost', 'delete', '2017-01-06 22:23:15', 2),
(9, 'root@localhost', 'delete', '2017-01-06 22:23:15', 4),
(10, 'root@localhost', 'insert', '2017-01-06 22:27:29', 6),
(11, 'root@localhost', 'insert', '2017-01-14 11:12:38', 7),
(12, 'root@localhost', 'insert', '2017-01-14 11:13:51', 8),
(13, 'root@localhost', 'delete', '2017-01-16 13:35:42', 6),
(14, 'root@localhost', 'delete', '2017-01-16 13:35:42', 7),
(15, 'root@localhost', 'delete', '2017-01-16 13:35:42', 8),
(16, 'root@localhost', 'insert', '2017-01-16 13:36:42', 9),
(17, 'root@localhost', 'insert', '2017-01-16 13:38:58', 10),
(18, 'root@localhost', 'insert', '2017-01-16 13:39:15', 11);

--
-- Indexes for dumped tables
--

--
-- Indexes for table `books`
--
ALTER TABLE `books`
  ADD PRIMARY KEY (`book_id`);

--
-- Indexes for table `books_log`
--
ALTER TABLE `books_log`
  ADD PRIMARY KEY (`books_log_id`);

--
-- Indexes for table `books_properties`
--
ALTER TABLE `books_properties`
  ADD PRIMARY KEY (`books_book_id`);

--
-- Indexes for table `categories`
--
ALTER TABLE `categories`
  ADD PRIMARY KEY (`category_id`);

--
-- Indexes for table `categories_has_books`
--
ALTER TABLE `categories_has_books`
  ADD PRIMARY KEY (`categories_category_id`,`books_book_id`),
  ADD KEY `fk_categories_has_books_books1_idx` (`books_book_id`),
  ADD KEY `fk_categories_has_books_categories1_idx` (`categories_category_id`);

--
-- Indexes for table `feedbacks`
--
ALTER TABLE `feedbacks`
  ADD PRIMARY KEY (`feedback_id`),
  ADD KEY `fk_feedbacks_Users1_idx` (`user_id`),
  ADD KEY `fk_feedbacks_books1_idx` (`books_id`);

--
-- Indexes for table `users`
--
ALTER TABLE `users`
  ADD PRIMARY KEY (`user_id`),
  ADD UNIQUE KEY `email_UNIQUE` (`email`);

--
-- Indexes for table `users_log`
--
ALTER TABLE `users_log`
  ADD PRIMARY KEY (`user_log_id`);

--
-- AUTO_INCREMENT for dumped tables
--

--
-- AUTO_INCREMENT for table `books`
--
ALTER TABLE `books`
  MODIFY `book_id` int(9) UNSIGNED NOT NULL AUTO_INCREMENT, AUTO_INCREMENT=16;
--
-- AUTO_INCREMENT for table `books_log`
--
ALTER TABLE `books_log`
  MODIFY `books_log_id` int(9) UNSIGNED NOT NULL AUTO_INCREMENT, AUTO_INCREMENT=61;
--
-- AUTO_INCREMENT for table `categories`
--
ALTER TABLE `categories`
  MODIFY `category_id` int(9) UNSIGNED NOT NULL AUTO_INCREMENT, AUTO_INCREMENT=21;
--
-- AUTO_INCREMENT for table `feedbacks`
--
ALTER TABLE `feedbacks`
  MODIFY `feedback_id` int(9) UNSIGNED NOT NULL AUTO_INCREMENT;
--
-- AUTO_INCREMENT for table `users`
--
ALTER TABLE `users`
  MODIFY `user_id` int(9) UNSIGNED NOT NULL AUTO_INCREMENT, AUTO_INCREMENT=12;
--
-- AUTO_INCREMENT for table `users_log`
--
ALTER TABLE `users_log`
  MODIFY `user_log_id` int(9) UNSIGNED NOT NULL AUTO_INCREMENT, AUTO_INCREMENT=19;
--
-- Constraints for dumped tables
--

--
-- Constraints for table `books_properties`
--
ALTER TABLE `books_properties`
  ADD CONSTRAINT `fk_books_properties_books1` FOREIGN KEY (`books_book_id`) REFERENCES `books` (`book_id`) ON DELETE NO ACTION ON UPDATE NO ACTION;

--
-- Constraints for table `categories_has_books`
--
ALTER TABLE `categories_has_books`
  ADD CONSTRAINT `fk_categories_has_books_books1` FOREIGN KEY (`books_book_id`) REFERENCES `books` (`book_id`) ON DELETE CASCADE ON UPDATE NO ACTION,
  ADD CONSTRAINT `fk_categories_has_books_categories1` FOREIGN KEY (`categories_category_id`) REFERENCES `categories` (`category_id`) ON DELETE NO ACTION ON UPDATE NO ACTION;

--
-- Constraints for table `feedbacks`
--
ALTER TABLE `feedbacks`
  ADD CONSTRAINT `fk_Feedbacks_Users1` FOREIGN KEY (`user_id`) REFERENCES `users` (`user_id`) ON DELETE NO ACTION ON UPDATE NO ACTION,
  ADD CONSTRAINT `fk_Feedbacks_books1` FOREIGN KEY (`books_id`) REFERENCES `books` (`book_id`) ON DELETE NO ACTION ON UPDATE NO ACTION;

/*!40101 SET CHARACTER_SET_CLIENT=@OLD_CHARACTER_SET_CLIENT */;
/*!40101 SET CHARACTER_SET_RESULTS=@OLD_CHARACTER_SET_RESULTS */;
/*!40101 SET COLLATION_CONNECTION=@OLD_COLLATION_CONNECTION */;
